{"cameraMode":{"drawMode":0,"name":"Shaded","section":"Shading Mode"},"sceneLighting":false,"audioPlay":false,"sceneViewState":{"m_AlwaysRefresh":false,"showFog":true,"showSkybox":false,"showFlares":true,"showImageEffects":true,"showParticleSystems":true,"showVisualEffectGraphs":true,"m_FxEnabled":true},"in2DMode":false,"pivot":{"x":0.004736781120300293,"y":2.0722384452819826,"z":124.97027587890625},"rotation":{"x":0.31014692783355715,"y":-0.49508047103881838,"z":0.1948615312576294,"w":0.7878972291946411},"size":5.316573143005371,"orthographic":false}