{"cameraMode":{"drawMode":0,"name":"Shaded","section":"Shading Mode"},"sceneLighting":false,"audioPlay":false,"sceneViewState":{"m_AlwaysRefresh":false,"showFog":true,"showSkybox":false,"showFlares":true,"showImageEffects":true,"showParticleSystems":true,"showVisualEffectGraphs":true,"m_FxEnabled":true},"in2DMode":false,"pivot":{"x":0.6942697763442993,"y":-0.15025128424167634,"z":0.4196035861968994},"rotation":{"x":0.020954908803105356,"y":0.06444167345762253,"z":-0.0013539971550926567,"w":0.9977061152458191},"size":1.9421104192733765,"orthographic":false}