{"cameraMode":{"drawMode":0,"name":"Shaded","section":"Shading Mode"},"sceneLighting":false,"audioPlay":false,"sceneViewState":{"m_AlwaysRefresh":false,"showFog":true,"showSkybox":false,"showFlares":true,"showImageEffects":true,"showParticleSystems":true,"showVisualEffectGraphs":true,"m_FxEnabled":true},"in2DMode":false,"pivot":{"x":8.818056106567383,"y":-11.570855140686036,"z":12.290306091308594},"rotation":{"x":0.2473335713148117,"y":-0.32226449251174929,"z":0.08762599527835846,"w":0.9095780849456787},"size":33.997093200683597,"orthographic":false}