{"cameraMode":{"drawMode":0,"name":"Shaded","section":"Shading Mode"},"sceneLighting":false,"audioPlay":false,"sceneViewState":{"m_AlwaysRefresh":false,"showFog":true,"showSkybox":true,"showFlares":true,"showImageEffects":true,"showParticleSystems":true,"showVisualEffectGraphs":true,"m_FxEnabled":true},"in2DMode":false,"pivot":{"x":0.11175537109375,"y":0.024738013744354249,"z":-0.38498449325561526},"rotation":{"x":0.06597729027271271,"y":0.711724042892456,"z":-0.06745897978544235,"w":0.6960934400558472},"size":3.820114850997925,"orthographic":false}