{"cameraMode":{"drawMode":0,"name":"Shaded","section":"Shading Mode"},"sceneLighting":false,"audioPlay":false,"sceneViewState":{"m_AlwaysRefresh":false,"showFog":true,"showSkybox":true,"showFlares":true,"showImageEffects":true,"showParticleSystems":true,"showVisualEffectGraphs":true,"m_FxEnabled":true},"in2DMode":false,"pivot":{"x":1.6724872589111329,"y":-12.543432235717774,"z":20.99200439453125},"rotation":{"x":0.2638387680053711,"y":0.002893952652812004,"z":-0.00079124397598207,"w":0.9645664691925049},"size":22.981037139892579,"orthographic":false}