{"cameraMode":{"drawMode":0,"name":"Shaded","section":"Shading Mode"},"sceneLighting":false,"audioPlay":false,"sceneViewState":{"m_AlwaysRefresh":false,"showFog":true,"showSkybox":true,"showFlares":true,"showImageEffects":true,"showParticleSystems":true,"showVisualEffectGraphs":true,"m_FxEnabled":true},"in2DMode":false,"pivot":{"x":0.10067331790924072,"y":0.8878296613693237,"z":-2.973358631134033},"rotation":{"x":0.19922353327274323,"y":0.13416768610477448,"z":-0.02754649706184864,"w":0.9703349471092224},"size":3.704284906387329,"orthographic":false}