{"cameraMode":{"drawMode":0,"name":"Shaded","section":"Shading Mode"},"sceneLighting":false,"audioPlay":false,"sceneViewState":{"m_AlwaysRefresh":false,"showFog":true,"showSkybox":true,"showFlares":true,"showImageEffects":true,"showParticleSystems":true,"showVisualEffectGraphs":true,"m_FxEnabled":true},"in2DMode":false,"pivot":{"x":-1.147334337234497,"y":0.15630531311035157,"z":135.99830627441407},"rotation":{"x":0.14498689770698548,"y":0.005935695022344589,"z":-0.0008791332365944982,"w":0.989432156085968},"size":86.71446228027344,"orthographic":false}