{"cameraMode":{"drawMode":0,"name":"Shaded","section":"Shading Mode"},"sceneLighting":false,"audioPlay":false,"sceneViewState":{"m_AlwaysRefresh":false,"showFog":true,"showSkybox":true,"showFlares":true,"showImageEffects":true,"showParticleSystems":true,"showVisualEffectGraphs":true,"m_FxEnabled":true},"in2DMode":false,"pivot":{"x":2.103353500366211,"y":16.44448471069336,"z":19.677486419677736},"rotation":{"x":0.31014692783355715,"y":-0.49508047103881838,"z":0.1948615312576294,"w":0.7878972291946411},"size":25.281400680541993,"orthographic":false}