{"cameraMode":{"drawMode":0,"name":"Shaded","section":"Shading Mode"},"sceneLighting":true,"audioPlay":false,"sceneViewState":{"m_AlwaysRefresh":false,"showFog":true,"showSkybox":true,"showFlares":true,"showImageEffects":true,"showParticleSystems":true,"showVisualEffectGraphs":true,"m_FxEnabled":true},"in2DMode":false,"pivot":{"x":10.485611915588379,"y":-9.043456077575684,"z":0.5093520879745483},"rotation":{"x":0.23381896317005158,"y":0.6421306729316711,"z":-0.21521951258182527,"w":0.6976259350776672},"size":10.904945373535157,"orthographic":false}