{"cameraMode":{"drawMode":0,"name":"Shaded","section":"Shading Mode"},"sceneLighting":false,"audioPlay":false,"sceneViewState":{"m_AlwaysRefresh":false,"showFog":true,"showSkybox":true,"showFlares":true,"showImageEffects":true,"showParticleSystems":true,"showVisualEffectGraphs":true,"m_FxEnabled":true},"in2DMode":false,"pivot":{"x":-0.10283756256103516,"y":2.648092746734619,"z":7.018259048461914},"rotation":{"x":0.0872712954878807,"y":-0.23819278180599214,"z":0.021493734791874887,"w":0.9670552611351013},"size":13.327611923217774,"orthographic":false}