{"cameraMode":{"drawMode":0,"name":"Shaded","section":"Shading Mode"},"sceneLighting":false,"audioPlay":false,"sceneViewState":{"m_AlwaysRefresh":false,"showFog":true,"showSkybox":true,"showFlares":true,"showImageEffects":true,"showParticleSystems":true,"showVisualEffectGraphs":true,"m_FxEnabled":true},"in2DMode":false,"pivot":{"x":-21.182687759399415,"y":-44.25098419189453,"z":107.97860717773438},"rotation":{"x":0.19105269014835359,"y":-0.11163562536239624,"z":0.021863475441932679,"w":0.9749880433082581},"size":74.34497833251953,"orthographic":false}