{"cameraMode":{"drawMode":0,"name":"Shaded","section":"Shading Mode"},"sceneLighting":true,"audioPlay":false,"sceneViewState":{"m_AlwaysRefresh":false,"showFog":true,"showSkybox":true,"showFlares":true,"showImageEffects":true,"showParticleSystems":true,"showVisualEffectGraphs":true,"m_FxEnabled":true},"in2DMode":false,"pivot":{"x":25.774147033691408,"y":-4.441218376159668,"z":13.903310775756836},"rotation":{"x":0.15841935575008393,"y":0.30548590421676638,"z":-0.05162067338824272,"w":0.9375066161155701},"size":15.519607543945313,"orthographic":false}