{"cameraMode":{"drawMode":0,"name":"Shaded","section":"Shading Mode"},"sceneLighting":true,"audioPlay":false,"sceneViewState":{"m_AlwaysRefresh":false,"showFog":true,"showSkybox":true,"showFlares":true,"showImageEffects":true,"showParticleSystems":true,"showVisualEffectGraphs":true,"m_FxEnabled":true},"in2DMode":false,"pivot":{"x":16.878475189208986,"y":-1.1449434757232667,"z":-1.8464555740356446},"rotation":{"x":0.23381896317005158,"y":0.6421306729316711,"z":-0.21521951258182527,"w":0.6976259350776672},"size":3.8086419105529787,"orthographic":false}