{"cameraMode":{"drawMode":0,"name":"Shaded","section":"Shading Mode"},"sceneLighting":false,"audioPlay":false,"sceneViewState":{"m_AlwaysRefresh":false,"showFog":true,"showSkybox":true,"showFlares":true,"showImageEffects":true,"showParticleSystems":true,"showVisualEffectGraphs":true,"m_FxEnabled":true},"in2DMode":false,"pivot":{"x":-0.5997514724731445,"y":0.18451213836669923,"z":0.4612612724304199},"rotation":{"x":0.20518401265144349,"y":-0.486919105052948,"z":0.11884656548500061,"w":0.8406458497047424},"size":29.26297378540039,"orthographic":false}