{"cameraMode":{"drawMode":0,"name":"Shaded","section":"Shading Mode"},"sceneLighting":false,"audioPlay":false,"sceneViewState":{"m_AlwaysRefresh":false,"showFog":true,"showSkybox":false,"showFlares":true,"showImageEffects":true,"showParticleSystems":true,"showVisualEffectGraphs":true,"m_FxEnabled":true},"in2DMode":false,"pivot":{"x":4.286701679229736,"y":-14.408960342407227,"z":189.02545166015626},"rotation":{"x":0.2595072388648987,"y":0.10117615759372711,"z":-0.027348866686224939,"w":0.9600391387939453},"size":31.911911010742189,"orthographic":false}