{"cameraMode":{"drawMode":0,"name":"Shaded","section":"Shading Mode"},"sceneLighting":false,"audioPlay":false,"sceneViewState":{"m_AlwaysRefresh":false,"showFog":true,"showSkybox":false,"showFlares":true,"showImageEffects":true,"showParticleSystems":true,"showVisualEffectGraphs":true,"m_FxEnabled":true},"in2DMode":false,"pivot":{"x":0.9988765716552734,"y":1.8477362394332886,"z":1.0444942712783814},"rotation":{"x":0.31014692783355715,"y":-0.49508047103881838,"z":0.1948615312576294,"w":0.7878972291946411},"size":4.460599422454834,"orthographic":false}