{"cameraMode":{"drawMode":0,"name":"Shaded","section":"Shading Mode"},"sceneLighting":false,"audioPlay":false,"sceneViewState":{"m_AlwaysRefresh":false,"showFog":true,"showSkybox":false,"showFlares":true,"showImageEffects":true,"showParticleSystems":true,"showVisualEffectGraphs":true,"m_FxEnabled":true},"in2DMode":false,"pivot":{"x":0.0009114742279052734,"y":1.1323280334472657,"z":124.86602783203125},"rotation":{"x":0.31014692783355715,"y":-0.49508047103881838,"z":0.1948615312576294,"w":0.7878972291946411},"size":3.5489606857299806,"orthographic":false}